,key,latitude,longitude,confirmed_sum,death_sum,recovered_sum,incidence_rate_avg,active_sum,Case-Fatality_Ratio
0,"Abruzzo, Italy",42.35122196,13.39843823,4137,474,2984,315.4210951676604,679,11.457577955039884
1,"Abu Dhabi Emirate, United Arab Emirates",23.424076,53.847818,84242,404,73512,851.755237401925,10326,0.47957076042828994
2,"Acre, Brazil",-9.0238,-70.812,27061,648,24298,3068.366716367985,2115,2.3945900003695355
3,"Ad Dhahirah Governorate, Oman",21.512583,55.92325500000001,91753,818,84648,1796.7454806719586,6287,0.8915239828670452
4,"Adrar, Algeria",28.0339,1.6596,49623,1665,34923,113.16264472888365,13035,3.35529895411402
5,"Adrar, Mauritania",21.0079,-10.9408,7365,161,6927,158.39867861305987,277,2.1860149355057703
6,"Adygea Republic, Russia",44.6939006,40.1520421,3775,31,3253,832.6422219085263,491,0.8211920529801325
7,"Aguascalientes, Mexico",21.8853,-102.2916,6581,555,5783,458.72295043687063,243,8.433368788937852
8,"Aichi, Japan",35.035551,137.211621,5077,79,4554,67.22509708710224,444,1.5560370297419737
9,"Akita, Japan",39.748679,140.408228,52,0,51,5.3802936398721135,1,0.0
10,"Al Shahaniya, Qatar",25.3548,51.1839,123146,209,120089,4274.329587026997,2848,0.16971724619557274
11,"Al-Anbar Governorate, Iraq",33.223191,43.679291,315597,8491,249539,784.6279481910907,57567,2.6904564999033576
12,"Alabama, US",32.88428035358209,-86.71012237686571,144164,2437,0,3239.9325535488906,141727,1.6904358924558143
13,"Alagoas, Brazil",-9.5713,-36.782,83950,2014,80658,2515.463583907865,1278,2.3990470518165576
14,"Alaska, US",60.41150609269231,-148.68769288076925,6728,45,0,681.8067525668181,6683,0.66884661117717
15,"Alberta, Canada",53.9333,-116.5765,16381,255,14702,371.18645066354026,1424,1.5566815212746474
16,"Alta Verapaz, Guatemala",15.7835,-90.2308,85152,3105,74497,475.29614887432814,7550,3.6464205186020298
17,"Altai Krai, Russia",52.6932243,82.69314240000001,12914,164,11648,549.5132080610022,1102,1.2699396004336378
18,"Altai Republic, Russia",50.7114101,86.8572186,2798,12,2235,1283.1154299445573,551,0.42887776983559683
19,"Amapa, Brazil",0.902,-52.003,46738,691,35026,5526.343482738601,11021,1.4784543626171425
20,"Amazonas, Brazil",-3.4168,-65.8561,131573,3956,109874,3174.566791415426,17743,3.0066959026548
21,"Amazonas, Colombia",-1.4429,-71.5724,2732,115,2597,3567.091880034992,20,4.209370424597365
22,"Amazonas, Peru",-5.077253,-78.050172,12987,204,0,3042.8772258669164,12783,1.5708015708015708
23,"Amur Oblast, Russia",52.8032368,128.437295,3959,50,3514,495.85182810135973,395,1.262945188178833
24,"Ancash, Peru",-9.407125,-77.67179499999997,21235,1248,0,1798.6616974419787,19987,5.8770897103838005
25,"Andalusia, Spain",37.5443,-4.7278,47612,1662,10671,564.9663211866524,35279,3.4907166260606566
26,"Andaman and Nicobar Islands, India",11.225999,92.968178,3631,52,3414,870.6682396723544,165,1.4321123657394659
27,"Andhra Pradesh, India",15.9129,79.74,609558,5244,519891,1130.8341944263138,84423,0.8602954927997006
28,"Anguilla, United Kingdom",18.2206,-63.0686,3,0,3,19.99733368884149,0,0.0
29,"Anhui, China",31.8257,117.2264,991,6,985,1.5670461733080334,0,0.6054490413723511
30,"Antioquia, Colombia",7.1986,-75.3412,102501,2187,85968,1599.8028437817914,14346,2.133637720607604
31,"Antofagasta, Chile",-23.6509,-70.3975,19391,489,18423,3191.755523147676,479,2.5217884585632513
32,"Aomori, Japan",40.781541,140.828896,35,1,32,2.808152628711676,2,2.857142857142857
33,"Apurimac, Peru",-14.027713,-72.975378,4200,79,0,975.156721615974,4121,1.8809523809523812
34,"Aragon, Spain",41.5976,-0.9057,32266,1302,3772,2443.3092581626643,27192,4.035207338994607
35,"Aran, Azerbaijan",40.1431,47.5769,39042,574,36601,385.06091471939277,1867,1.4702115670303777
36,"Ararat Province, Armenia",40.0691,45.0382,47154,928,42551,1591.3019356554364,3675,1.968019680196802
37,"Arauca, Colombia",7.0762,-70.7105,1449,34,1122,552.6863838519456,293,2.346445824706694
38,"Araucania, Chile",-38.9489,-72.3311,6358,103,5770,664.2123473711482,485,1.620006291286568
39,"Arequipa, Peru",-15.843524,-72.475539,39046,1297,0,2607.586483237612,37749,3.321723095835681
40,"Arica y Parinacota, Chile",-18.594,-69.4785,7561,138,7030,3344.568890776226,393,1.8251554027245074
41,"Arizona, US",33.675903642,-111.46323212666667,212938,5449,0,2927.250678937341,207489,2.5589608242774893
42,"Arkansas, US",34.911889390266666,-92.43397826839998,73511,1181,0,2564.9724143124126,72330,1.6065622831957123
43,"Arkhangelsk Oblast, Russia",63.5589686,43.1221646,12290,257,9799,1064.0434690760744,2234,2.0911310008136694
44,"Artibonite Department, Haiti",18.9712,-72.2852,8600,221,6363,75.42183828803653,2016,2.5697674418604652
45,"Aruba, Netherlands",12.5211,-69.9683,3460,23,2128,3240.7320682614313,1309,0.6647398843930636
46,"Arunachal Pradesh, India",27.768456,96.384277,7005,13,5106,446.0482228751103,1886,0.185581727337616
47,"Assam, India",26.357149,92.830441,152858,540,123687,429.2915229485945,28631,0.35326904708945556
48,"Astrakhan Oblast, Russia",47.1878186,47.608851,6550,94,6144,643.725786573944,312,1.4351145038167938
49,"Asturias, Spain",43.3614,-5.8593,4340,341,1063,424.57237051276405,2936,7.857142857142857
50,"Atacama, Chile",-27.5661,-70.0503,6552,56,6083,2267.5674179079683,413,0.8547008547008548
51,"Atlantico, Colombia",10.6966,-74.8741,66512,3016,61671,2623.212544029482,1825,4.5345200866009145
52,"Australian Capital Territory, Australia",-35.4735,149.0124,113,3,110,26.395701938799345,0,2.6548672566371683
53,"Ayacucho, Peru",-14.091648,-74.08344,10410,286,0,1557.9167913798265,10124,2.7473583093179634
54,"Aysen, Chile",-45.9864,-73.7669,223,1,155,216.1732488028073,67,0.4484304932735426
55,"Azad Jammu and Kashmir, Pakistan",34.027401,73.947253,2517,67,2257,62.21933936261885,193,2.6618990862137464
56,"Baden-Wurttemberg, Germany",48.6616,9.3501,46779,1871,41228,422.5923532636833,3680,3.999657966181406
57,"Bahia, Brazil",-12.5797,-41.7007,294210,6221,280351,1978.1398103309448,7638,2.1144760545188808
58,"Baja California Sur, Mexico",26.0444,-111.6661,9374,428,8112,1164.8945953066204,834,4.5658203541711115
59,"Baja California, Mexico",30.8406,-115.2838,18501,3367,14561,508.98684628987917,573,18.199016269390846
60,"Baleares, Spain",39.710358,2.995148,12059,270,1533,1014.8793994378143,10256,2.2389916245128116
61,"Balochistan, Pakistan",28.328492,65.898403,14269,145,12969,115.59080030407291,1155,1.0161889410610414
62,"Bashkortostan Republic, Russia",54.8573563,57.1439682,8384,33,8158,206.33510800230246,193,0.3936068702290076
63,"Basilicata, Italy",40.63947052,15.80514834,631,28,438,112.10423739804466,165,4.437400950871632
64,"Bayern, Germany",48.7904,11.4979,64465,2648,56398,492.9752649765945,5419,4.107655316838595
65,"Beijing, China",40.1824,116.4142,935,9,926,4.340761374187558,0,0.9625668449197862
66,"Belgorod Oblast, Russia",50.7080119,37.5837615,8208,57,7521,529.5907543571228,630,0.6944444444444444
67,"Belize District, Belize",17.1899,-88.4976,1606,20,876,403.902208384366,710,1.2453300124533
68,"Beqaa Governorate, Lebanon",33.8547,35.8623,28297,286,11440,414.5812095392503,16571,1.0107078488885748
69,"Berlin, Germany",52.52,13.405,13064,227,11667,358.42588919196686,1170,1.7375995101041029
70,"Bermuda, United Kingdom",32.3078,-64.7505,180,9,166,289.0498289788512,5,5.0
71,"Bihar, India",25.679658,85.60484,165218,859,151750,132.3862964470027,12609,0.519919137140021
72,"Biobio, Chile",-37.4464,-72.1416,21564,286,19404,1385.144574946766,1874,1.3262845483212762
73,"Blekinge, Sweden",56.2784,15.018,624,17,0,390.96274576143753,607,2.7243589743589745
74,"Bolivar State, Venezuela",6.4238,-66.5897,65949,539,55155,231.92126950036442,10255,0.8172982152875707
75,"Bolivar, Colombia",8.6704,-74.03,27972,754,25630,1351.2325431981876,1588,2.6955526955526956
76,"Bonaire, Sint Eustatius and Saba, Netherlands",12.1784,-68.2385,36,1,17,137.294534914763,18,2.7777777777777777
77,"Bono East Region, Ghana",7.9465,-1.0232,45877,297,45081,147.64290928973742,499,0.6473832203500665
78,"Borgou, Benin",9.3077,2.3158,2280,40,1950,18.806918768463568,290,1.7543859649122806
79,"Borkou, Chad",15.4542,18.7322,1149,81,966,6.995067959611733,102,7.049608355091384
80,"Boyaca, Colombia",5.4545,-73.362,5995,117,4266,492.4526194043582,1612,1.9516263552960802
81,"Brandenburg, Germany",52.4125,12.5316,4117,173,3792,163.8987275455359,152,4.202088899684235
82,"Bremen, Germany",53.0793,8.8017,2192,59,2015,320.94362109911475,118,2.691605839416058
83,"British Columbia, Canada",53.7267,-127.6476,7842,223,5797,153.43626202499468,1822,2.8436623310380003
84,"British Virgin Islands, United Kingdom",18.4207,-64.64,69,1,48,228.19724178986007,20,1.4492753623188406
85,"Bryansk Oblast, Russia",52.8873315,33.41585300000001,8927,37,7288,737.1703295342128,1602,0.41447294723871403
86,"Buryatia Republic, Russia",52.7182426,109.492143,6152,62,5223,624.878746910903,867,1.0078023407022108
87,"C. Valenciana, Spain",39.484,-0.7533,34370,1541,9970,690.8585762041936,22859,4.483561245272039
88,"Cajamarca, Peru",-6.430284,-78.74559599999998,18433,441,0,1268.005778358671,17992,2.392448326371182
89,"Calabria, Italy",38.90597598,16.59440194,1810,98,1267,92.95727919693128,445,5.414364640883978
90,"Caldas, Colombia",5.2983,-75.2479,4653,106,3183,466.1133678268579,1364,2.278100150440576
91,"California, US",37.84396164603449,-120.72859416379308,783313,15018,0,1544.8584199971447,768295,1.917241256049625
92,"Callao, Peru",-11.954609,-77.136042,30730,1687,0,2719.7097088237892,29043,5.489749430523918
93,"Camagüey, Cuba",21.521757,-77.78116700000002,5055,113,4284,44.629393280393714,658,2.235410484668645
94,"Campania, Italy",40.83956555,14.25084984,10089,456,5060,173.8975457504466,4573,4.519774011299435
95,"Campeche, Mexico",19.8301,-90.5349,5851,800,4981,584.7392159037872,70,13.672876431379253
96,"Canarias, Spain",28.2916,-16.6291,11479,209,1537,520.1411390905165,9733,1.820716090251764
97,"Cantabria, Spain",43.1828,-3.9878,6058,231,2287,1041.5359302387556,3540,3.8131396500495214
98,"Capital District, Colombia",4.711,-74.0721,250490,6408,205741,3379.261648395441,38341,2.5581859555271667
99,"Caqueta, Colombia",0.8699,-73.8419,7759,274,6504,1932.556060066403,981,3.5313829101688365
100,"Cartago Province, Costa Rica",9.7489,-83.7534,63712,706,23552,1250.6983550034413,39454,1.1081115017579106
101,"Casanare, Colombia",5.7589,-71.5724,1771,41,1203,421.1612731389,527,2.3150762281197066
102,"Castilla - La Mancha, Spain",39.2796,-3.0977,34835,3065,6392,1711.8970827229361,25378,8.79862207549878
103,"Castilla y Leon, Spain",41.8357,-4.3976,38872,2931,8716,1614.46472677826,27225,7.540131714344516
104,"Castries, Saint Lucia",13.9094,-60.9789,27,0,26,14.70355989522352,1,0.0
105,"Catalonia, Spain",41.5912,1.5209,128901,5797,26203,1703.5905038980732,96901,4.497249827386909
106,"Cauca, Colombia",2.705,-76.82600000000002,8192,224,6257,559.3763827358093,1711,2.734375
107,"Cayman Islands, United Kingdom",19.3133,-81.2546,208,1,204,316.4942178940961,3,0.4807692307692308
108,"Ceara, Brazil",-5.4984,-39.3206,233600,8801,206727,2558.0158207146287,18072,3.767551369863013
109,"Central Albania, Albania",41.1533,20.1683,12226,358,6888,424.83841823615273,4980,2.928185833469655
110,"Central Kalimantan, Indonesia",-0.7893,113.9213,240687,9448,174350,87.99495967479899,56889,3.9254301229397512
111,"Central Province, Sri Lanka",7.873054,80.77179699999998,3283,13,3070,15.331628781245255,200,0.39597928723728293
112,"Central Serbia, Serbia",44.0165,21.0059,32840,740,0,375.8568081699642,32100,2.253349573690621
113,"Centrale Region, Togo",8.6195,0.8248,1659,41,1259,20.03928860163089,359,2.471368294153104
114,"Centre, Cameroon",3.848,11.5021,20431,416,19124,76.9649087330516,891,2.0361215799520336
115,"Centro Sur, Equatorial Guinea",1.6508,10.2679,5002,83,4509,356.5255508790187,410,1.6593362654938024
116,"Centro, Portugal",39.3999,-8.2245,68025,1899,45404,667.127142125394,20722,2.7916207276736493
117,"Cesar, Colombia",9.3373,-73.6536,17236,494,12740,1435.6466157021555,4002,2.866094221397076
118,"Ceuta, Spain",35.8894,-5.3213,441,9,163,519.8693842907496,269,2.0408163265306123
119,"Chandigarh, India",30.733839,76.76827800000002,9506,113,6415,820.5629306854802,2978,1.1887229118451506
120,"Channel Islands, United Kingdom",49.3723,-2.3644,644,48,575,377.7148253068933,21,7.453416149068323
121,"Chechen Republic, Russia",43.39761470000001,45.6985005,2374,40,1811,165.20747316770368,523,1.6849199663016006
122,"Chelyabinsk Oblast, Russia",54.4223954,61.1865846,14928,122,10969,427.3646192023214,3837,0.817256162915327
123,"Cherkasy Oblast, Ukraine",49.4444,32.0598,2983,48,1345,247.27463234166507,1590,1.609118337244385
124,"Chernihiv Oblast, Ukraine",51.4982,31.2893,3188,46,738,316.9789558983639,2404,1.4429109159347553
125,"Chernivtsi Oblast, Ukraine",48.2917,25.9352,12917,329,7514,1428.280777642878,5074,2.547031044360146
126,"Chhattisgarh, India",21.264705,82.035366,81617,645,44392,277.2671542087029,36580,0.790276535525687
127,"Chiapas, Mexico",16.7569,-93.1292,6427,1016,5354,112.1568653456227,57,15.808308697681655
128,"Chiba, Japan",35.510141,140.198917,3603,68,3174,57.56159314130373,361,1.8873161254510131
129,"Chihuahua, Mexico",28.63300000000001,-106.0691,9464,1276,7553,248.95521147382595,635,13.482671174978867
130,"Choco, Colombia",5.2528,-76.82600000000002,3930,154,3636,734.8184269276362,140,3.9185750636132317
131,"Chongqing, China",30.0572,107.874,584,6,577,1.8826563507414569,1,1.0273972602739725
132,"Chukotka Autonomous Okrug, Russia",66.0006475,169.4900869,182,2,172,368.809272918862,8,1.098901098901099
133,"Chuvashia Republic, Russia",55.4259922,47.0849429,8301,85,7047,674.2657277902912,1169,1.0239730152993616
134,"Ciudad de Mexico, Mexico",19.4326,-99.1332,116943,11545,98840,1296.680377152,6558,9.872330964657996
135,"Coahuila, Mexico",27.0587,-101.7068,24766,1723,22020,769.4362976586966,1023,6.95711863038036
136,"Coclé, Panama",8.538,-80.7821,105601,2247,80190,2447.431704323384,23164,2.1278207592731126
137,"Colima, Mexico",19.1223,-104.0072,4380,518,3567,557.8530553917517,295,11.826484018264841
138,"Colorado, US",38.935474467656235,-105.48623995937497,64336,2013,0,881.2097084263132,62323,3.1288858492912213
139,"Connecticut, US",41.61368014,-72.65682967875,55406,4492,0,1197.5309106266814,50914,8.107425188607733
140,"Copperbelt Province, Zambia",-13.133897,27.849332,14070,330,13365,76.53412573441756,375,2.345415778251599
141,"Coquimbo, Chile",-29.959,-71.3389,11497,192,10756,1517.5834822713198,549,1.6700008697921196
142,"Cordoba, Colombia",8.0493,-75.574,22745,1480,19406,1274.384617065492,1859,6.506924598812926
143,"Crimea Republic*, Ukraine",45.2835,34.2008,3573,47,2400,186.703355905297,1126,1.315421214665547
144,"Cundinamarca, Colombia",5.026,-74.03,30582,898,25087,1047.666029475242,4597,2.9363677980511413
145,"Curacao, Netherlands",12.1696,-68.99,247,1,88,150.51797684338817,158,0.4048582995951417
146,"Cusco, Peru",-13.191068,-72.153609,19135,387,0,1409.9918944808785,18748,2.0224719101123596
147,"Cuvette, Congo (Brazzaville)",-0.228,15.8277,4986,89,3887,90.35731916031843,1010,1.784997994384276
148,"Cyprus, Cyprus",35.1264,33.4299,1590,22,1282,131.69217823004058,286,1.3836477987421385
149,"Dadra and Nagar Haveli and Daman and Diu, India",20.194742,73.080901,2859,2,2639,464.33142122119654,218,0.06995452955578874
150,"Dagestan Republic, Russia",43.05749160000001,47.1332224,12514,543,10744,408.4356952039648,1227,4.3391401630174204
151,"Dalarna, Sweden",61.0917,14.6664,2365,174,0,821.2775119284915,2191,7.357293868921776
152,"Delaware, US",39.10927682333334,-75.53323745666665,18973,621,0,2033.1107108064334,18352,3.2730722605808253
153,"Delhi, India",28.646519,77.10898,238828,4907,201671,1276.4095751134014,32250,2.0546167116083542
154,"Departamento de Cabañas, El Salvador",13.7942,-88.8965,27428,808,21247,422.86694476473986,5373,2.945894706139711
155,"Dhaka Division, Bangladesh",23.685,90.3563,347372,4913,254386,210.92555796386702,88073,1.4143339129233214
156,"District of Columbia, US",38.90417773,-77.01655992,14902,619,0,2111.515567149227,14283,4.153804858408267
157,"Districts of Republican Subordination, Tajikistan",38.861,71.2761,9303,73,8066,97.53983217235456,1164,0.7846931097495432
158,"Distrito Federal, Brazil",-15.7998,-47.8645,183096,3048,170627,6072.296061245634,9421,1.6647004849914797
159,"Dnipropetrovsk Oblast, Ukraine",48.4647,35.0462,3878,89,1830,120.94270440736048,1959,2.294997421351212
160,"Donetsk Oblast, Ukraine",48.0159,37.8028,2371,35,982,56.9144586009125,1354,1.4761703922395615
161,"Drenthe, Netherlands",52.862485,6.6184350000000025,722,41,0,146.2479895965419,681,5.678670360110803
162,"Durango, Mexico",24.5593,-104.6588,8098,559,6859,433.2807560850853,680,6.90293899728328
163,"Ehime, Japan",33.624835,132.856842,114,6,108,8.512449457331346,0,5.263157894736842
164,"Emilia-Romagna, Italy",44.49436681,11.3417208,34225,4474,25313,767.4666782674292,4438,13.072315558802044
165,"England, United Kingdom",52.3555,-1.1743,336622,37076,0,601.3555519032749,299546,11.014134548544066
166,"Espirito Santo, Brazil",-19.1834,-40.3089,123720,3408,113545,3078.645813892725,6767,2.7546071774975753
167,"Extremadura, Spain",39.4937,-6.0679,8166,544,2652,766.4554205649582,4970,6.661768307616948
168,"Falkland Islands (Malvinas), United Kingdom",-51.7963,-59.5236,13,0,13,373.2414585127763,0,0.0
169,"Faroe Islands, Denmark",61.8926,-6.9118,431,0,412,882.0218970633377,19,0.0
170,"Federation of Bosnia and Herzegovina, Bosnia and Herzegovina",43.9159,17.6791,25217,758,17489,768.6199922885014,6970,3.0059087123765713
171,"Flemish Brabant, Belgium",50.8333,4.469936,100748,9944,18945,869.2954106503615,71859,9.870171120022233
172,"Flevoland, Netherlands",52.550383,5.515162,1762,97,0,416.52778467262857,1665,5.50510783200908
173,"Florida, US",28.94075487910448,-82.70074390925375,679641,13287,0,3523.976717295195,666354,1.9550027146684794
174,"French Guiana, France",4.0,-53.0,9692,65,9341,3244.922693700993,286,0.6706562113082956
175,"French Polynesia, France",-17.6797,-149.4068,1271,2,1028,452.4677469882949,241,0.15735641227380015
176,"Friesland, Netherlands",53.087337,5.7925,1011,69,0,155.54875168665004,942,6.824925816023739
177,"Friuli Venezia Giulia, Italy",45.6494354,13.76813649,4345,350,3314,357.54842744523626,681,8.05523590333717
178,"Fujian, China",26.0789,117.9874,395,1,380,1.002283684344075,14,0.25316455696202533
179,"Fukui, Japan",35.846614,136.22465400000002,244,9,215,31.773439748312693,20,3.6885245901639343
180,"Fukuoka, Japan",33.526032,130.666949,5000,89,4629,97.96854386806066,282,1.78
181,"Fukushima, Japan",37.378867,140.223295,218,2,180,11.812395320774266,36,0.9174311926605505
182,"Gabès, Tunisia",33.886917,9.537499,9110,138,2366,77.08177047434819,6606,1.5148188803512623
183,"Galgaduud, Somalia",5.152149,46.199616,3401,98,2812,21.399063336382643,491,2.881505439576595
184,"Galicia, Spain",42.5751,-8.1339,18593,702,9204,688.5171718248982,8687,3.775614478567203
185,"Gansu, China",35.7518,104.2861,170,2,168,0.6446719757299962,0,1.1764705882352942
186,"Gavleborg, Sweden",61.3012,16.1534,3285,167,0,1143.0778545629162,3118,5.083713850837138
187,"Gelderland, Netherlands",52.061738,5.939114,9126,692,0,437.4980824103335,8434,7.582730659653738
188,"Georgia, US",32.80853214484278,-83.57742992610066,285660,6445,0,3019.3721178652295,279215,2.25617867394805
189,"Ghanzi District, Botswana",-22.3285,24.6849,2567,13,624,109.15856056981876,1930,0.506427736657577
190,"Ghazni Province, Afghanistan",33.93911,67.709953,38919,1437,32576,99.9760046286072,4906,3.692283974408387
191,"Gia Lai Province, Vietnam",14.058324,108.277199,1068,35,942,1.0972010965066137,91,3.2771535580524342
192,"Gibraltar, United Kingdom",36.1408,-5.3536,350,0,322,1038.8531061707874,28,0.0
193,"Gifu, Japan",35.778671,137.055925,597,10,552,30.05154065741898,35,1.675041876046901
194,"Gilgit-Baltistan, Pakistan",35.792146,74.982138,3450,81,3036,340.37632796097813,333,2.3478260869565215
195,"Gitega, Burundi",-3.3731,29.9189,473,1,374,3.9778715964914335,98,0.21141649048625794
196,"Goa, India",15.359682,74.057396,27379,335,21314,1726.02048857368,5730,1.2235655064100224
197,"Goias, Brazil",-15.827,-49.8362,182856,4135,172741,2605.3972199179466,5980,2.261342258389115
198,"Gotland, Sweden",57.4684,18.4867,324,6,0,542.8408672050397,318,1.8518518518518516
199,"Grand Bassa County, Liberia",6.4280550000000005,-9.429499,1335,82,1216,26.39551715145115,37,6.142322097378277
200,"Grande Comore, Comoros",-11.6455,43.3333,470,7,450,54.04814885090185,13,1.4893617021276597
201,"Greenland, Denmark",71.7069,-42.6043,14,0,14,24.660043683505954,0,0.0
202,"Groningen, Netherlands",53.217922,6.741514,1011,19,0,172.5650575387546,992,1.8793273986152326
203,"Guadeloupe, France",16.265,-61.551,3426,26,837,856.2281475631488,2563,0.7589025102159953
204,"Guainia, Colombia",2.5854,-68.5247,547,10,234,1136.8832356486678,303,1.8281535648994516
205,"Guam, US",13.4443,144.7937,2074,31,0,1262.8707475537208,2043,1.4946962391513983
206,"Guanajuato, Mexico",21.019,-101.2574,38340,2709,33126,615.5896390194561,2505,7.065727699530516
207,"Guangdong, China",23.3417,113.4244,1797,8,1767,1.5838180856689583,22,0.4451864218141347
208,"Guangxi, China",23.8298,108.7881,258,2,253,0.5237515225334958,3,0.7751937984496124
209,"Guaviare, Colombia",1.0654,-73.2603,628,11,417,758.7565092367731,200,1.7515923566878981
210,"Guerrero, Mexico",17.4392,-99.5451,17335,1811,14318,474.0162010452145,1206,10.447072396884916
211,"Guizhou, China",26.8154,106.8748,147,2,145,0.4083333333333333,0,1.3605442176870748
212,"Gujarat, India",22.694884,71.590923,120336,3286,100974,188.4006266932294,16076,2.7306874085892834
213,"Gunma, Japan",36.504479,138.985605,644,19,480,33.15390412961735,145,2.950310559006211
214,"Hadramaut Governorate, Yemen",15.552727,48.516388,2026,585,1221,6.79273846200063,220,28.8746298124383
215,"Hainan, China",19.1959,109.7453,171,6,165,1.8308351177730195,0,3.508771929824561
216,"Halland, Sweden",56.8967,12.8034,2356,83,0,705.710383168388,2273,3.5229202037351444
217,"Hamburg, Germany",53.5511,9.9937,7149,269,6129,388.28381162287866,751,3.7627640229402717
218,"Haryana, India",29.20004,76.332824,106261,1092,83878,376.749372054834,21291,1.0276583130217107
219,"Hawaii, US",20.99064747,-157.41445579999998,11298,119,0,418.44606390036836,11179,1.0532837670384139
220,"Hebei, China",37.8957,114.9042,365,6,356,0.4830598200105876,3,1.643835616438356
221,"Heilongjiang, China",47.862,127.7615,948,13,935,2.5125894513649616,0,1.3713080168776373
222,"Henan, China",33.882,113.614,1279,22,1254,1.3315981259760539,3,1.7200938232994525
223,"Hessen, Germany",50.6521,9.1624,17516,543,15649,279.54889783585804,1324,3.100022836263987
224,"Hidalgo, Mexico",20.0911,-98.7624,11930,1853,9478,386.53272049699103,599,15.532271584241409
225,"Himachal Pradesh, India",31.927213,77.233081,11622,111,7081,155.95907382693534,4430,0.9550851832731028
226,"Hiroshima, Japan",34.605309000000005,132.788719,472,3,461,16.832033070665652,8,0.6355932203389831
227,"Hokkaido, Japan",43.385711,142.552318,1933,106,1742,36.81870397781049,85,5.483704086911537
228,"Homs Governorate, Syria",34.802075,38.99681500000001,3765,170,932,21.513478036853126,2663,4.51527224435591
229,"Hong Kong, China",22.3,114.2,5009,103,4708,66.81349896785214,198,2.0562986624076665
230,"Huancavelica, Peru",-13.023888,-75.00277,5997,102,0,1641.6643854366275,5895,1.7008504252126064
231,"Huanuco, Peru",-9.421676,-76.040642,14919,366,0,1962.251742733132,14553,2.45324753669817
232,"Hubei, China",30.9756,112.2707,68139,4512,63627,115.1580192665202,0,6.62175846431559
233,"Huila, Colombia",2.5359,-75.5277,9380,282,6258,852.4281479408135,2840,3.0063965884861408
234,"Hunan, China",27.6104,111.7088,1019,4,1015,1.4770256558921582,0,0.39254170755642787
235,"Hyogo, Japan",35.039913,134.828057,2582,56,2349,47.23582605068613,177,2.168861347792409
236,"Ibaraki, Japan",36.303588,140.319591,623,16,568,21.780878765810805,39,2.568218298555377
237,"Ica, Peru",-14.235097,-75.574821,25278,1546,0,2592.0836751435604,23732,6.115990189097239
238,"Idaho, US",44.2634012584091,-114.46012491818179,37244,441,0,1579.9632897139206,36803,1.1840833422833208
239,"Illinois, US",39.84361770127451,-89.17833006960784,272798,8436,0,1441.0035806181918,264362,3.092398038108784
240,"Imereti, Georgia",42.3154,43.3569,3306,19,1481,82.87427851623455,1806,0.5747126436781609
241,"Indiana, US",39.83735316565217,-86.21856844913039,110759,3278,0,1346.4717832066463,107481,2.9595789055516932
242,"Ingushetia Republic, Russia",43.11542075,45.01713552,5136,78,4408,1052.3662873968071,650,1.5186915887850467
243,"Inner Mongolia, China",44.0935,113.9448,261,1,259,1.0299921073401737,1,0.38314176245210724
244,"Iowa, US",42.02991002353537,-93.46551942343434,79781,1265,0,2100.4457978298524,78516,1.5855905541419635
245,"Irkutsk Oblast, Russia",56.6370122,104.719221,18211,274,14815,757.4676762908168,3122,1.5045851408489375
246,"Ishikawa, Japan",36.769464,136.771027,750,44,636,65.92543042713525,70,5.866666666666666
247,"Islamabad, Pakistan",33.665087,73.121219,16124,180,15529,803.5595034715924,415,1.116348300669809
248,"Isle of Man, United Kingdom",54.2361,-4.5481,339,24,312,398.6734405870731,3,7.079646017699115
249,"Itasy, Madagascar",-18.766947,46.869107,16020,219,14630,57.852692239314116,1171,1.3670411985018727
250,"Ivano-Frankivsk Oblast, Ukraine",48.9226,24.7111,12212,277,5354,889.2759668291037,6581,2.2682607271536193
251,"Ivanovo Oblast, Russia",56.9167446,41.43521370000001,8184,130,6708,806.5867307415591,1346,1.5884652981427174
252,"Iwate, Japan",39.593287,141.361777,23,0,23,1.8747717669153319,0,0.0
253,"Jahra, Kuwait",29.31166,47.481766,99049,581,89498,2319.342906310011,8970,0.5865783602055548
254,"Jalisco, Mexico",20.6595,-103.3494,24400,2974,19623,290.1413880387786,1803,12.188524590163935
255,"Jammu and Kashmir, India",33.75943,76.612638,61041,966,39305,448.6224048824369,20770,1.5825428810144002
256,"Jamtland Harjedalen, Sweden",63.1712,14.9592,1222,64,0,934.1793440868436,1158,5.237315875613748
257,"Jewish Autonomous Okrug, Russia",48.57527615,132.66307460000002,772,10,642,476.50203068870593,120,1.2953367875647668
258,"Jharkhand, India",23.654536,85.557631,68578,602,54052,177.69107218572196,13924,0.8778325410481496
259,"Jiangsu, China",32.9711,119.455,665,0,664,0.8259843497702148,1,0.0
260,"Jiangxi, China",27.614,115.7221,935,1,934,2.011617900172117,0,0.10695187165775401
261,"Jilin, China",43.6661,126.1923,157,2,155,0.5806213017751479,0,1.2738853503184715
262,"Jonglei, South Sudan",6.877000000000002,31.307,2642,49,1290,23.602501007483745,1303,1.854655563966692
263,"Jonkoping, Sweden",57.3708,14.3439,5224,181,0,1436.747625818553,5043,3.464777947932619
264,"Judea and Samaria, West Bank and Gaza",31.9522,35.2332,35003,253,23446,686.1428277952631,11304,0.7227951889838014
265,"Jufra, Libya",26.3351,17.228331,27234,436,14679,396.34496419666357,12119,1.6009400014687523
266,"Junin, Peru",-11.541783,-74.876968,17991,723,0,1321.4102093279469,17268,4.018676004669001
267,"Kabardino-Balkarian Republic, Russia",43.4806048,43.5978976,7191,86,6344,830.5344710496772,761,1.1959393686552635
268,"Kagawa, Japan",34.217292,133.969047,94,2,82,9.829068319344339,10,2.127659574468085
269,"Kagoshima, Japan",31.009484000000004,130.430665,377,12,354,23.52907400923563,11,3.183023872679045
270,"Kaliningrad Oblast, Russia",54.7293041,21.1489473,3941,67,3118,396.2400927408937,756,1.700076122811469
271,"Kalmar, Sweden",57.235,16.1849,911,64,0,371.16107005206845,847,7.025246981339188
272,"Kalmykia Republic, Russia",46.2313018,45.3275745,5681,65,3332,2062.720350891207,2284,1.1441647597254003
273,"Kaluga Oblast, Russia",54.4382773,35.5272854,8672,72,7367,856.8695803394279,1233,0.8302583025830259
274,"Kamchatka Krai, Russia",57.1914882,160.03838190000005,4224,67,3250,1338.5854219681391,907,1.5861742424242424
275,"Kanagawa, Japan",35.415312,139.338983,6327,136,5484,68.78468859572259,707,2.149517938991623
276,"Kankan, Guinea",9.9456,-9.6966,10286,63,9681,78.32302529424055,542,0.612482986583706
277,"Kansas, US",38.485378896857135,-98.08455153209523,52486,594,0,1383.1171072253428,51892,1.1317303661928897
278,"Karachay-Cherkess Republic, Russia",43.7368326,41.7267991,6285,28,4703,1347.8302827548493,1554,0.44550517104216386
279,"Karaganda Region, Kazakhstan",48.0196,66.9237,107262,1671,101877,571.250326268605,3714,1.557867651171897
280,"Karelia Republic, Russia",62.61940309999999,33.4920267,3610,16,2635,579.9345846640235,959,0.443213296398892
281,"Karnataka, India",14.70518,76.166436,502982,7808,394026,744.4671456667662,101148,1.552341833306162
282,"Kasai, Congo (Kinshasa)",-4.0383,21.7587,10488,268,9891,11.710401502861655,329,2.555301296720061
283,"Kaunas County, Lithuania",55.1694,23.8813,3664,87,2197,134.59251784618178,1380,2.3744541484716155
284,"Kemerovo Oblast, Russia",54.53357809999999,87.342861,8323,67,6281,308.8452645519628,1975,0.8049981977652289
285,"Kentucky, US",37.62214385000001,-85.19989061799998,61106,1108,0,1120.724105395922,59998,1.8132425621051944
286,"Kerala, India",10.450898,76.405749,126381,501,90085,354.0139267719107,35795,0.3964203479953474
287,"Khabarovsk Krai, Russia",51.6312684,136.121524,11325,101,9144,852.5922568813417,2080,0.8918322295805741
288,"Khakassia Republic, Russia",53.72258845,91.44293627,3963,47,3366,737.2844935843412,550,1.1859702245773405
289,"Khanty-Mansi Autonomous Okrug, Russia",61.0259025,69.0982628,21077,179,20289,1375.5651029242752,609,0.849266973478199
290,"Kharkiv Oblast, Ukraine",49.9935,36.2304,14464,295,4102,540.5894308487299,10067,2.039546460176991
291,"Kherson Oblast, Ukraine",46.6354,32.6169,790,20,436,76.13430476851316,334,2.5316455696202533
292,"Khmelnytskyi Oblast, Ukraine",49.423,26.9871,4481,90,2044,354.3118751013082,2347,2.008480249944209
293,"Khyber Pakhtunkhwa, Pakistan",34.485332,72.09169,37317,1258,35500,122.25713863648943,559,3.371117721145858
294,"Kiev Oblast, Ukraine",50.053,30.7667,7611,156,4929,430.50103510300124,2526,2.0496649586125346
295,"Kiev, Ukraine",50.4501,30.5234,19140,312,5828,648.6376575843839,13000,1.6300940438871474
296,"Kirov Oblast, Russia",57.9665589,49.4074599,7769,120,5512,605.4215975524414,2137,1.5446003346634058
297,"Kirovohrad Oblast, Ukraine",48.5079,32.2623,973,52,777,102.90318111488668,144,5.344295991778006
298,"Kochi, Japan",33.422519,133.367307,137,4,129,19.626691727707588,4,2.9197080291970803
299,"Komi Republic, Russia",63.9881421,54.3326073,7432,97,6376,883.8433390060092,959,1.3051668460710442
300,"Kostroma Oblast, Russia",58.424756,44.2533273,4277,58,3148,664.8282980271216,1071,1.3560907177928454
301,"Krasnodar Krai, Russia",45.7684014,39.0261044,12937,241,10164,230.876857347834,2532,1.8628739274947823
302,"Krasnoyarsk Krai, Russia",63.3233807,97.0979974,18852,530,14706,655.3804853611875,3616,2.8113727986420542
303,"Kronoberg, Sweden",56.7183,14.4115,1548,116,0,768.3564220798238,1432,7.493540051679587
304,"Kumamoto, Japan",32.608154,130.74523100000002,570,8,537,32.61677520804639,25,1.4035087719298245
305,"Kurgan Oblast, Russia",55.7655302,64.5632681,3472,26,2973,410.62661953291223,473,0.748847926267281
306,"Kursk Oblast, Russia",51.6568453,36.4852695,7682,56,6483,688.8221965375969,1143,0.7289768289507941
307,"Kyoto, Japan",35.253815,135.443341,1672,25,1554,64.7320106374206,93,1.4952153110047848
308,"La Guajira, Colombia",11.3548,-72.5205,7207,275,5698,818.4564368129373,1234,3.8157347023726933
309,"La Libertad, Peru",-7.92139,-78.370238,26715,2158,0,1324.6231654105513,24557,8.077858880778589
310,"La Pampa, Argentina",-38.4161,-63.6167,622934,12799,478077,1378.3013399681124,132058,2.0546317908478264
311,"La Rioja, Spain",42.2871,-2.5396,7333,393,3107,2338.545337419596,3833,5.359334515205236
312,"Ladakh, India",34.1526,77.5771,3635,48,2600,1325.2445413414318,987,1.3204951856946356
313,"Lakshadweep, India",13.6999972,72.18333259999999,0,0,0,0.0,0,
314,"Lambayeque, Peru",-6.353049,-79.824113,24711,1650,0,1885.1846200793411,23061,6.677188296709967
315,"Lazio, Italy",41.89277044,12.48366722,14179,890,7751,241.17710894319896,5538,6.276888356019465
316,"Leningrad Oblast, Russia",60.1853296,32.3925325,7519,91,5358,414.5403943950213,2070,1.2102673227822849
317,"Liaoning, China",41.2956,122.6085,265,2,262,0.6079376003670567,1,0.7547169811320755
318,"Liguria, Italy",44.41149315,8.9326992,12407,1588,9386,800.1212402620853,1433,12.799226243249779
319,"Lima, Peru",-11.766533,-76.60449799999998,349167,14009,0,3285.195465023287,335158,4.012120274825513
320,"Limburg, Netherlands",51.209227,5.93387,5990,760,0,536.1613532390322,5230,12.687813021702837
321,"Lipetsk Oblast, Russia",52.6935178,39.1122664,5715,37,5113,496.86967756070464,565,0.647419072615923
322,"Lombardia, Italy",45.46679409,9.190347404,104547,16917,78695,1039.175299540563,8935,16.181239059944332
323,"Loreto, Peru",-4.124847,-74.424115,17506,940,0,1703.5811599844296,16566,5.369587569976008
324,"Los Lagos, Chile",-41.9198,-72.1416,8086,85,7312,975.7357235600476,689,1.0511996042542666
325,"Los Rios, Chile",-40.231,-72.3311,1500,15,1254,389.77541140794676,231,1.0
326,"Louisiana, US",31.092427383437492,-91.82418665609377,160093,5172,0,3733.9031317983195,154921,3.2306222008457586
327,"Lower River, Gambia",13.4432,-15.3101,3504,108,1992,144.9932634408424,1404,3.0821917808219177
328,"Luang Prabang, Laos",19.85627,102.495496,23,0,22,0.3161270423868636,1,0.0
329,"Luhansk Oblast, Ukraine",48.574,39.3078,735,5,399,34.156925746561186,331,0.6802721088435374
330,"Lviv Oblast, Ukraine",49.8397,24.0297,18129,515,6040,718.8282730397566,11574,2.8407523856804016
331,"Maan, Jordan",31.24,36.51,4540,30,2672,44.49610610067096,1838,0.6607929515418502
332,"Macau, China",22.1667,113.55,46,0,46,7.084094360136879,0,0.0
333,"Madhya Pradesh, India",23.541513,78.289633,100458,1901,76952,117.68886841587171,21605,1.8923331143363396
334,"Madre de Dios, Peru",-11.972699,-70.53171999999998,7366,136,0,4238.204833141542,7230,1.8463209340211784
335,"Madrid, Spain",40.4168,-3.7038,187045,8999,40736,2816.2433757038348,137310,4.811141703868054
336,"Magadan Oblast, Russia",62.48858785,153.9903764,2522,23,1971,1750.2828073925505,528,0.9119746233148296
337,"Magallanes, Chile",-52.368,-70.9863,6273,64,4924,3766.8209904343294,1285,1.0202454965726127
338,"Magdalena, Colombia",10.4113,-74.4057,14454,789,12119,1077.2530717438324,1546,5.4586965545869655
339,"Maharashtra, India",19.449759,76.108221,1167496,31791,834432,948.0720829266996,301273,2.7230071880331925
340,"Maine, US",44.68768840625,-69.523768628125,5034,139,0,225.15414690457158,4895,2.7612236789829163
341,"Malanje, Angola",-11.2027,17.8739,3901,147,1445,11.869312329589718,2309,3.76826454755191
342,"Manipur, India",24.738975,93.882541,8607,52,6629,278.40448707685,1926,0.6041594051353549
343,"Manitoba, Canada",53.7609,-98.8139,1558,16,1211,113.10205246105856,331,1.0269576379974326
344,"Manufahi, Timor-Leste",-8.874217,125.727539,27,0,26,2.0478716545741107,1,0.0
345,"Manzini, Eswatini",-26.5225,31.4659,5245,104,4571,452.09125606379786,570,1.9828408007626313
346,"Maranhao, Brazil",-4.9609,-45.2744,167333,3643,157810,2365.070236365685,5880,2.177095970310698
347,"Marche, Italy",43.61675973,13.5188753,7703,989,6093,505.02500867059035,621,12.839153576528625
348,"Mari El Republic, Russia",56.5767504,47.8817512,4612,47,4075,675.9163047954593,490,1.0190806591500434
349,"Martinique, France",14.6415,-61.0242,1122,18,98,298.98871464165325,1006,1.6042780748663104
350,"Maryland, US",39.014920690416666,-76.67546760874998,119744,3865,0,1498.3643167182465,115879,3.2277191341528595
351,"Massachusetts, US",42.17639998153847,-71.57704993461539,124797,9290,0,1429.4307498409673,115507,7.4440892008622
352,"Matagalpa, Nicaragua",12.865416,-85.207229,4961,147,2913,74.88806038866919,1901,2.9631122757508566
353,"Mato Grosso do Sul, Brazil",-20.7722,-54.7852,63466,1162,56313,2283.782645900339,5991,1.830901585100684
354,"Mato Grosso, Brazil",-12.6819,-56.9211,112242,3214,92468,3221.2109402129336,16560,2.863455747402933
355,"Maule, Chile",-35.5183,-71.6885,14317,297,12693,1370.1134025551462,1327,2.0744569393029266
356,"Mayotte, France",-12.8275,45.166244,3541,40,2964,1297.9586749898285,537,1.1296243998870377
357,"Mecklenburg-Vorpommern, Germany",53.6127,12.4296,1105,20,1014,68.64739776662991,71,1.809954751131222
358,"Meghalaya, India",25.536934,91.278882,4445,32,2437,132.02800359995368,1976,0.7199100112485939
359,"Melilla, Spain",35.2923,-2.9381,664,4,125,784.0451534437766,535,0.6024096385542169
360,"Meru, Kenya",-0.0236,37.9062,36829,646,23777,68.4919278499869,12406,1.7540525129653262
361,"Meta, Colombia",3.272,-73.0877,14066,366,11374,1352.8616303204124,2326,2.602019053035689
362,"Metropolitana, Chile",-33.4376,-70.6505,282535,8998,269784,3972.2005711387123,3753,3.1847381740315357
363,"Mexico, Mexico",19.4969,-99.7233,76784,8936,64292,440.58368846537627,3556,11.637841216920192
364,"Michigan, US",44.04362008975902,-85.18169553542172,122121,6889,0,685.1587301762429,115232,5.641126423792795
365,"Michoacan, Mexico",19.5665,-101.7068,18684,1480,15891,387.2009808096778,1313,7.921216013701563
366,"Midlands, Zimbabwe",-19.015438,29.154857,7672,225,5914,51.6183656153327,1533,2.93274244004171
367,"Mie, Japan",34.508018,136.376013,469,5,388,26.33526533481725,76,1.0660980810234542
368,"Minas Gerais, Brazil",-18.5122,-44.555,268009,6656,233463,1266.0571876778415,27890,2.4834986884768795
369,"Minnesota, US",45.55201297954022,-94.43095302689653,88534,1963,0,1261.0905289692173,86571,2.217227279915061
370,"Minsk Region, Belarus",53.7098,27.9534,75461,776,73212,798.5864804465845,1473,1.0283457680126158
371,"Mississippi, US",32.792726566585365,-89.64572580048781,93087,2809,0,3625.542447800062,90278,3.0176071846767
372,"Missouri, US",38.456764881637945,-92.4994868846552,112864,1825,0,1432.3361520297208,111039,1.6169903600793876
373,"Miyagi, Japan",38.446859,140.927086,365,2,263,15.825769121539741,100,0.547945205479452
374,"Miyazaki, Japan",32.193203999999994,131.299374,365,1,340,34.00723562169419,24,0.273972602739726
375,"Mizoram, India",23.309381,92.83822,1548,0,973,124.91486745144621,575,0.0
376,"Molise, Italy",41.55774754,14.65916051,586,23,459,191.7432603552813,104,3.9249146757679183
377,"Montana, US",46.97469113196428,-109.70039488214286,10163,156,0,874.9081308536685,10007,1.5349798287907115
378,"Monte Plata, Dominican Republic",18.7357,-70.1627,107700,2044,80820,992.8185205178804,24836,1.8978644382544103
379,"Montserrat, United Kingdom",16.742498,-62.187366,13,1,12,260.05201040208044,0,7.6923076923076925
380,"Moquegua, Peru",-16.860271,-70.839046,11703,253,0,6073.170731707317,11450,2.161838844740665
381,"Mordovia Republic, Russia",54.4419829,44.4661144,6057,40,5025,752.3700214643452,992,0.6603929337956084
382,"Morelos, Mexico",18.6813,-99.1013,5699,1054,4449,278.80813558128,196,18.494472714511318
383,"Morona Santiago, Ecuador",-1.8312,-78.1834,125620,11084,97063,712.0080076812072,17473,8.82343575863716
384,"Moscow Oblast, Russia",55.50431579999999,38.0353929,71348,1278,54355,950.8775039532158,15715,1.7912204967203007
385,"Moscow, Russia",55.7504461,37.6174943,275633,5044,236055,2203.9236017714998,34534,1.829969560974194
386,"Murcia, Spain",37.9922,-1.1307,13371,193,2180,898.7922667969832,10998,1.4434223319123476
387,"Murmansk Oblast, Russia",68.00004179999999,33.9999151,14138,194,11694,1876.1686242712894,2250,1.37218842834913
388,"Mykolaiv Oblast, Ukraine",46.975,31.9946,2374,57,815,94.13085775257223,1502,2.401010951979781
389,"Nagaland, India",26.06702,94.470302,5357,15,4129,238.1211675360437,1213,0.2800074668657831
390,"Nagano, Japan",36.132134,138.045528,300,1,296,14.642789158478909,3,0.33333333333333337
391,"Nagasaki, Japan",33.235712,129.608033,236,3,227,17.79085791135328,6,1.2711864406779663
392,"Nakasongola, Uganda",1.373333,32.290275,6017,63,2581,13.154500338864475,3373,1.047033405351504
393,"Nara, Japan",34.317451,135.871644,552,9,527,41.49992143583714,16,1.6304347826086956
394,"Narino, Colombia",1.2892,-77.3579,17412,638,14545,1067.8330324201272,2229,3.6641396737881924
395,"Naryn Region, Kyrgyzstan",41.20438,74.766098,45335,1063,41484,694.8754259340352,2788,2.34476673651704
396,"Nasarawa, Nigeria",9.082,8.6753,57145,1095,48431,27.72150698060727,7619,1.9161781433196257
397,"Navarra, Spain",42.6954,-1.6761,14205,553,3905,2185.5661854984874,9747,3.8929954241464273
398,"Navoiy Region, Uzbekistan",41.377491,64.585262,50992,427,47271,152.35500556795515,3294,0.8373862566677126
399,"Nayarit, Mexico",21.7514,-104.8455,5642,695,4662,437.84936957296105,285,12.318326834455867
400,"Nebraska, US",41.321794947204275,-99.03901222387097,40603,442,0,1279.1596280773126,40161,1.0885895130901657
401,"Nenets Autonomous Okrug, Russia",68.27557185,57.1686375,324,0,114,736.413846398618,210,0.0
402,"Nevada, US",39.25599674470589,-117.5639935352941,75419,1528,0,830.8086483638789,73891,2.0260146647396544
403,"New Aquitaine, France",46.2276,2.2137,444978,31085,76583,681.5168762483625,337310,6.985738620785746
404,"New Brunswick, Canada",46.5653,-66.4619,194,2,192,24.872018082213557,0,1.0309278350515463
405,"New Caledonia, France",-20.904305,165.618042,26,0,26,9.107117212101258,0,0.0
406,"New Hampshire, US",43.478972876,-71.57765670500001,7917,438,0,340.2547539629565,7479,5.532398635846912
407,"New Jersey, US",40.286440910952386,-74.62244971476191,198993,16064,0,1989.3869411669245,182929,8.072645771459296
408,"New Mexico, US",34.54935897878787,-105.88710740909092,26151,847,0,1051.6240454551735,25304,3.238881878322053
409,"New South Wales, Australia",-33.8688,151.2093,4200,53,2994,51.736881005173686,1153,1.2619047619047619
410,"New Valley Governorate, Egypt",26.820553000000004,30.802498,101900,5750,88666,99.57550639153091,7484,5.642787046123651
411,"New York, US",42.5441513332258,-75.47418330774194,449038,33065,0,1019.6703584807321,415973,7.3635193458014685
412,"Newfoundland and Labrador, Canada",53.1355,-57.6604,272,3,267,52.17074410441821,2,1.1029411764705883
413,"Niedersachsen, Germany",52.6367,9.8451,18775,669,16482,235.2035365592109,1624,3.563249001331558
414,"Niigata, Japan",37.521819,138.918647,162,0,144,7.287101919566588,18,0.0
415,"Ningxia, China",37.2692,106.1655,75,0,75,1.0901162790697674,0,0.0
416,"Nizhny Novgorod Oblast, Russia",55.47180329999999,44.0911594,30599,543,27156,945.9457788417784,2900,1.7745677963332134
417,"Nkhotakota, Malawi",-13.2543,34.3015,5718,179,4030,29.890295089559803,1509,3.130465197621546
418,"Noord-Brabant, Netherlands",51.561174,5.184942,14278,1552,0,557.0913262230512,12726,10.869869729654013
419,"Noord-Holland, Netherlands",52.60090600000001,4.918688,18087,840,0,628.1239939753995,17247,4.644219605241333
420,"Nordrhein-Westfalen, Germany",51.4332,7.6616,64692,1844,58524,360.7497854054038,4324,2.8504297285599454
421,"Norrbotten, Sweden",66.8309,20.3992,1685,88,0,673.7493652361321,1597,5.222551928783383
422,"Norte de Santander, Colombia",7.9463,-72.8988,14427,831,11890,967.1587039925882,1706,5.760033270950301
423,"North Carolina, US",35.62420971000002,-79.50109873960002,192247,3235,0,1780.9361218538065,189012,1.6827310699256686
424,"North Dakota, US",47.39350672792453,-100.2493934356604,17607,192,0,1678.1420613175292,17415,1.090475379110581
425,"North Kordofan State, Sudan",12.8628,30.2176,13535,836,6759,30.86710521901745,5940,6.176579239009975
426,"North Ossetia - Alania Republic, Russia",42.79336110000001,44.6324493,5440,68,4607,775.1882752773364,765,1.25
427,"Northen Red Sea Region, Eritrea",15.1794,39.7823,364,0,305,10.263851476429657,59,0.0
428,"Northern Cape, South Africa",-30.5595,22.9375,659656,15940,589434,1112.2417305120043,54282,2.4164109778429967
429,"Northern Ireland, United Kingdom",54.7877,-6.4923,9165,575,0,487.0854591836735,8590,6.2738679759956355
430,"Northern Mariana Islands, US",15.0979,145.6739,68,2,0,123.31350645582475,66,2.941176470588235
431,"Northern Region, Malta",35.9375,14.3754,2699,19,2017,611.2710315510068,663,0.7039644312708411
432,"Northern Territory, Australia",-12.4634,130.8456,33,0,31,13.436482084690551,2,0.0
433,"Northwest Territories, Canada",64.8255,-124.8457,5,0,5,11.134865490824867,0,0.0
434,"Nova Scotia, Canada",44.682,-63.7443,1086,65,1021,111.10463171269942,0,5.985267034990792
435,"Novgorod Oblast, Russia",58.2843833,32.5169757,4832,86,3539,796.7339185722107,1207,1.7798013245033113
436,"Novosibirsk Oblast, Russia",54.9720169,79.48139240000002,12410,410,11289,444.9864442284252,711,3.30378726833199
437,"Nuble, Chile",-36.7226,-71.7622,5881,105,5223,1223.6558200116935,553,1.785410644448223
438,"Nuevo Leon, Mexico",25.5922,-99.9962,35910,2820,30263,640.0894948854336,2827,7.852965747702589
439,"OHiggins, Chile",-34.5755,-71.0022,15386,383,14218,1682.3482458682092,785,2.4892759651631353
440,"Oaxaca, Mexico",17.0732,-96.7266,15374,1356,13292,371.0306490043787,726,8.820085859242878
441,"Obwalden, Switzerland",46.8182,8.2275,49283,2045,40500,569.4416553104942,6738,4.149503885721242
442,"Odessa Oblast, Ukraine",46.4846,30.7326,11205,160,2424,470.73740037003614,8621,1.42793395805444
443,"Odisha, India",20.505428,84.418059,171341,682,137567,369.61723504710267,33092,0.39803666372905494
444,"Ogooué-Lolo, Gabon",-0.8037,11.6094,8696,53,7848,390.70362595968595,795,0.609475620975161
445,"Ohio, US",40.310669812954565,-82.83540800659091,143547,4612,0,979.0851834487986,138935,3.212884978439118
446,"Oita, Japan",33.200697,131.43323999999998,158,2,151,13.915383897258673,5,1.2658227848101267
447,"Okayama, Japan",34.89246,133.826252,148,1,146,7.832403500025933,1,0.6756756756756757
448,"Okinawa, Japan",25.768923,126.668016,2343,45,2139,161.23393853979718,159,1.9206145966709345
449,"Oklahoma, US",35.50191442597403,-97.2513995677922,75734,943,0,1607.759976377195,74791,1.2451474898988564
450,"Olancho, Honduras",15.2,-86.2419,71143,2166,21810,718.2818340715753,47167,3.0445721996542177
451,"Omaheke, Namibia",-22.9576,18.4904,10292,111,7969,405.05077696389816,2212,1.0785075787019043
452,"Omsk Oblast, Russia",56.09352629999999,73.5099936,10190,261,8917,519.8764744926358,1012,2.5613346418056917
453,"Ontario, Canada",51.2538,-85.3232,48317,2876,42573,328.4228396649852,2868,5.952356313512842
454,"Orebro, Sweden",59.535,15.0066,2860,172,0,938.3048178343532,2688,6.013986013986014
455,"Oregon, US",44.49240067472221,-121.47691959722222,30342,521,0,850.0646279969998,29821,1.7170918199195833
456,"Orel Oblast, Russia",52.96854329999999,36.0692477,7975,122,6365,1067.2508554734914,1488,1.5297805642633229
457,"Orenburg Oblast, Russia",52.02692620000001,54.7276647,11729,82,10667,593.0566510931781,980,0.6991218347685225
458,"Oromia Region, Ethiopia",9.145,40.4897,68131,1089,27939,59.26311465083687,39103,1.5983913343411957
459,"Osaka, Japan",34.620965000000005,135.507481,10001,192,9014,113.52693719171295,795,1.9198080191980802
460,"Ostergotland, Sweden",58.3454,15.5198,3954,277,0,849.4183610994747,3677,7.005563985837126
461,"Ouaka, Central African Republic",6.6111,20.9394,4786,62,1830,99.09386876874315,2894,1.2954450480568325
462,"Overijssel, Netherlands",52.444558,6.441722,4041,314,0,347.6410135529238,3727,7.770353872803762
463,"P.A. Bolzano, Italy",46.49933453,11.35662422,3281,292,2584,616.3608970577737,405,8.899725693386163
464,"P.A. Trento, Italy",46.06893511,11.12123097,5689,405,4750,1050.7593024243745,534,7.119001582000352
465,"Pahang, Malaysia",4.210483999999999,101.975766,10167,130,9315,31.41259540336127,722,1.2786466017507623
466,"Pais Vasco, Spain",42.9896,-2.6189,39430,1749,16160,1810.4762429518607,21521,4.435708851128582
467,"Para, Brazil",-1.9981,-54.9306,220205,6451,204728,2559.670528364679,9026,2.9295429259099475
468,"Paraiba, Brazil",-7.24,-36.782,116588,2695,89305,2901.550896723772,24588,2.3115586509760866
469,"Parana, Brazil",-25.2521,-52.0215,163479,4093,114358,1429.7674899424585,45028,2.5036854886560356
470,"Pasco, Peru",-10.39655,-75.307635,4657,100,0,1712.7620448694372,4557,2.1473051320592655
471,"Pennsylvania, US",40.81807835477611,-77.61531783850747,154236,7940,0,744.38381703144,146296,5.147955081822661
472,"Penza Oblast, Russia",53.1655415,44.78791810000001,9875,122,8479,741.5584366821738,1274,1.2354430379746837
473,"Perm Krai, Russia",58.5951603,56.3159546,9012,248,6244,343.56007841038274,2520,2.7518863737239236
474,"Pernambuco, Brazil",-8.8137,-36.9541,141042,8004,122512,1475.786880729462,10526,5.674905347343344
475,"Phetchabun Province, Thailand",15.870032,100.992541,3506,59,3340,5.022924219259783,107,1.6828294352538506
476,"Phnom Penh, Cambodia",11.55,104.9167,275,0,274,1.644838070476945,1,0.0
477,"Piaui, Brazil",-7.7183,-42.7289,90061,2025,87492,2751.443758712732,544,2.248476032911027
478,"Piemonte, Italy",45.0732745,7.680687483,34241,4154,27783,785.9919392269683,2304,12.131655033439444
479,"Piura, Peru",-5.133361,-80.335861,33299,1911,0,1625.927734375,31388,5.738911078410763
480,"Plaines Wilhems, Mauritius",-20.348404,57.552152,366,10,338,28.77885650437541,18,2.73224043715847
481,"Poltava Oblast, Ukraine",49.5883,34.5514,1461,33,714,104.32442969668794,714,2.2587268993839835
482,"Potaro-Siparuni, Guyana",4.860416000000002,-58.93018000000001,2168,64,1331,275.6309444046791,773,2.952029520295203
483,"Presidente Hayes, Paraguay",-23.4425,-58.4438,33015,636,17535,462.8792307918789,14844,1.926397092230804
484,"Primorsky Krai, Russia",45.0819456,134.726645,10985,113,9419,574.2178536013679,1453,1.028675466545289
485,"Prince Edward Island, Canada",46.5107,-63.4168,57,0,56,36.039909457630976,1,0.0
486,"Pskov Oblast, Russia",57.5358729,28.8586826,5091,65,3887,799.7850901584488,1139,1.2767629149479474
487,"Puducherry, India",11.882658,78.86498,21913,462,16715,1550.219236499517,4736,2.108337516542692
488,"Puebla, Mexico",19.0414,-98.2063,29938,3916,25066,453.3003575921753,956,13.080366089919165
489,"Puerto Rico, US",18.240118884615384,-66.40498556410255,39660,0,0,959.8048681345709,39660,0.0
490,"Puglia, Italy",41.12559576,16.86736689,6944,578,4278,172.34819199449598,2088,8.323732718894009
491,"Punjab, India",30.841465000000003,75.40879,92833,2708,68463,307.99194184020746,21662,2.9170661295013627
492,"Punjab, Pakistan",30.811346,72.13913199999998,98368,2226,94773,89.41534085753682,1369,2.2629310344827585
493,"Puno, Peru",-14.995826999999998,-69.922726,11588,278,0,936.0258481421648,11310,2.399033482913359
494,"Putumayo, Colombia",0.436,-75.5277,3619,160,3065,1039.3989350397203,394,4.421110804089527
495,"Qinghai, China",35.7452,95.9956,18,0,18,0.29850746268656714,0,0.0
496,"Quebec, Canada",52.9399,-73.5491,67080,5797,58490,785.6940895143103,2793,8.641920095408468
497,"Queensland, Australia",-27.4698,153.0251,1152,6,1123,22.51979278662888,23,0.5208333333333333
498,"Queretaro, Mexico",20.5888,-100.3899,8152,917,6702,357.60079345966034,533,11.248773307163887
499,"Quindio, Colombia",4.461,-75.6674,2531,76,1571,468.7870436225699,884,3.00276570525484
500,"Quintana Roo, Mexico",19.1817,-88.4791,11290,1573,9361,655.1539843981665,356,13.932683790965456
501,"Rajasthan, India",26.583423,73.847973,111290,1308,92265,137.33963585979478,17717,1.1753077545152304
502,"Region of Banská Bystrica, Slovakia",48.669,19.699,6546,39,3519,119.89794937141492,2988,0.5957836846929423
503,"Região de Quinara, Guinea-Bissau",11.8037,-15.1804,2303,39,1127,117.02247664885842,1137,1.693443334780721
504,"Reunion, France",-21.1151,55.5364,3194,15,2482,356.74873898144546,697,0.469630557294928
505,"Rheinland-Pfalz, Germany",50.1183,7.309,10075,247,9057,246.6434458696587,771,2.4516129032258065
506,"Rhode Island, US",41.655142106,-71.464105098,21374,0,0,1180.0665381573326,21374,0.0
507,"Rio Grande do Norte, Brazil",-5.4026,-36.9541,66963,2348,39924,1909.489790418931,24691,3.5064139898152713
508,"Rio Grande do Sul, Brazil",-30.0346,-51.2177,174140,4371,159153,1530.5998230326354,10616,2.510049385551855
509,"Rio de Janeiro, Brazil",-22.9068,-43.1729,251261,17634,228258,1455.324816305504,5369,7.018200198200278
510,"Risaralda, Colombia",5.3158,-75.9928,9468,195,6938,1003.602921769216,2335,2.0595690747782003
511,"Rivne Oblast, Ukraine",50.6199,26.2516,11015,151,8576,951.7835031681473,2288,1.3708579210167953
512,"Riyadh Region, Saudi Arabia",23.885942,45.079162,329271,4458,309430,945.8041532703046,15383,1.353899979044617
513,"Romblon, Philippines",12.879721,121.774017,283460,4930,209885,258.67602971808503,68645,1.7392224652508292
514,"Rondonia, Brazil",-11.5057,-63.5806,62697,1297,52932,3527.8031763001313,8468,2.068679522146195
515,"Roraima, Brazil",-2.7376,-62.0751,48088,613,15164,7938.444369974297,32311,1.2747462984528364
516,"Rostov Oblast, Russia",47.6222451,40.7957942,19885,436,16054,471.15806553421294,3395,2.1926074930852404
517,"Ryazan Oblast, Russia",54.42267320000001,40.57052460000001,7747,47,6565,690.7873031385478,1135,0.6066864592745579
518,"Saarland, Germany",49.3964,7.023,3275,176,3003,330.63808607493723,96,5.374045801526718
519,"Sachsen, Germany",51.1045,13.2017,6658,226,5826,163.26882931246854,606,3.3944127365575247
520,"Sachsen-Anhalt, Germany",51.9503,11.6923,2423,66,2213,109.72136750046757,144,2.723895996698308
521,"Saga, Japan",33.286977,130.115738,243,0,243,29.82652744347382,0,0.0
522,"Sagaing, Burma",21.9162,95.956,5263,81,1188,9.672890876962336,3994,1.5390461713851415
523,"Saint Barthelemy, France",17.9,-62.8333,23,0,16,232.6757713707637,7,0.0
524,"Saint Joseph Parish, Dominica",15.415,-61.371,24,0,18,33.337500520898445,6,0.0
525,"Saint Kitts, Saint Kitts and Nevis",17.357822,-62.782998,17,0,17,31.959693186945405,0,0.0
526,"Saint Petersburg, Russia",59.9606739,30.158655100000004,40517,2762,27717,757.0532900717218,10038,6.816891675099342
527,"Saint Pierre and Miquelon, France",46.8852,-56.3159,11,0,5,189.8188093183779,6,0.0
528,"Saitama, Japan",35.997101,139.347635,4424,100,4011,60.192990373883646,313,2.2603978300180834
529,"Sakha (Yakutiya) Republic, Russia",66.941626,129.642371,8536,93,6632,885.174162371802,1811,1.0895032802249298
530,"Sakhalin Oblast, Russia",49.7219665,143.448533,5206,0,3679,1062.0566688631343,1527,0.0
531,"Samara Oblast, Russia",53.2128813,50.8914633,10550,172,8210,330.3570925319257,2168,1.6303317535545023
532,"San Andres y Providencia, Colombia",12.5567,-81.7185,841,9,337,1372.3890339425589,495,1.070154577883472
533,"San Luis Potosi, Mexico",22.1565,-100.9855,21524,1531,19097,750.974655128741,896,7.112990150529641
534,"San Martin, Peru",-7.039531,-76.729127,16297,686,0,1811.5829257447754,15611,4.20936368656808
535,"Santa Catarina, Brazil",-27.2423,-50.2189,205250,2635,194520,2864.7044406617474,8095,1.2838002436053593
536,"Santa Cruz, Bolivia",-16.2902,-63.5887,130470,7586,89032,1117.7047534106187,33852,5.814363455200429
537,"Santander, Colombia",6.6437,-73.6536,27012,1158,20338,1236.3393699392675,5516,4.286983562860951
538,"Sao Paulo, Brazil",-23.5505,-46.6333,931673,33927,780448,2028.946636068181,117298,3.6415137070624564
539,"Saratov Oblast, Russia",51.6520555,46.86319520000001,14332,93,9477,581.9038145313548,4762,0.6488975718671505
540,"Sardegna, Italy",39.21531192,9.110616306,3167,141,1431,193.1579278002868,1595,4.452162930217872
541,"Saskatchewan, Canada",52.9399,-106.4509,1787,24,1642,151.22716571349258,121,1.3430330162283157
542,"Schleswig-Holstein, Germany",54.2194,9.6961,4384,161,3981,151.34400658401663,242,3.6724452554744524
543,"Scotland, United Kingdom",56.4907,-4.2026,24126,2505,0,441.6012300258087,21621,10.38298930614275
544,"Sergipe, Brazil",-10.5741,-37.3857,75772,1976,68932,3296.303643456987,4864,2.6078234704112337
545,"Sevastopol*, Ukraine",44.6054,33.522,763,22,517,172.15276696652387,224,2.8833551769331587
546,"Shaanxi, China",35.1917,108.8701,399,3,372,1.0326086956521738,24,0.7518796992481203
547,"Shandong, China",36.3427,118.1498,831,7,815,0.8271125709166915,9,0.842358604091456
548,"Shanghai, China",31.202,121.4491,972,7,916,4.00990099009901,49,0.720164609053498
549,"Shanxi, China",37.5777,112.2922,203,0,203,0.5459924690693921,0,0.0
550,"Shiga, Japan",35.21582700000001,136.138064,477,7,448,33.73544760998145,22,1.4675052410901468
551,"Shimane, Japan",35.07076,132.55406399999998,137,0,137,20.315980223802022,0,0.0
552,"Shizuoka, Japan",34.916975,138.40778400000002,519,2,494,14.244435612955355,23,0.3853564547206166
553,"Sichuan, China",30.6171,102.7103,672,3,652,0.8056587939096032,17,0.4464285714285714
554,"Sicilia, Italy",38.11569725,13.362356699999998,5846,296,3318,116.92254891156628,2232,5.063291139240507
555,"Sikkim, India",27.571671,88.472712,2303,24,1857,333.646745893885,422,1.0421189752496742
556,"Sinaloa, Mexico",25.1721,-107.4795,17772,3031,14186,562.997636119536,555,17.054917848300697
557,"Sindh, Pakistan",26.009446,68.77680699999999,133626,2459,128239,279.04994713387407,2928,1.8402107374313383
558,"Singida, Tanzania",-6.369028,34.888822,509,21,183,0.852107987092757,305,4.12573673870334
559,"Sint Maarten, Netherlands",18.0425,-63.0548,584,20,488,1361.876778135348,76,3.4246575342465753
560,"Sipaliwini, Suriname",3.9193,-56.0278,4709,97,4383,802.7151511845544,229,2.0598853259715435
561,"Skane, Sweden",55.9903,13.5958,5366,276,0,389.4538283833892,5090,5.143496086470369
562,"Smolensk Oblast, Russia",55.03434960000001,33.0192065,6408,137,5627,674.9895717903235,644,2.137952559300874
563,"Sofala, Mozambique",-18.665695,35.529562,6537,41,3620,20.914762504505216,2876,0.6271990209576258
564,"Sonora, Mexico",29.2972,-110.3309,23749,2827,20240,772.3892550439142,682,11.90365910143585
565,"Sormland, Sweden",59.0336,16.7519,2460,254,0,826.7795926598102,2206,10.325203252032521
566,"South Australia, Australia",-34.9285,138.6007,466,4,462,26.530031312268715,0,0.8583690987124464
567,"South Carolina, US",33.957472131086966,-80.9833996921739,137240,3188,0,2792.0931737803626,134052,2.32293791897406
568,"South Dakota, US",44.27269492727272,-99.31063618348485,18444,200,0,1617.141081051999,18244,1.0843634786380394
569,"South District, Israel",31.046051,34.851612,183602,1226,132449,2121.2076749448706,49927,0.6677487173342338
570,"Southeast, Czechia",49.8175,15.473,48306,499,24228,451.07929026307073,23579,1.0329979712665094
571,"Southern Governorate, Bahrain",26.0275,50.55,64499,221,57299,3790.529171953409,6979,0.34264097117784775
572,"Southern Highlands, Papua New Guinea",-6.314993,143.95555,516,6,232,5.767278896107054,278,1.1627906976744187
573,"Southern Province, Rwanda",-1.9403,29.8739,4689,26,2910,36.20231884769617,1753,0.5544892301130305
574,"St Martin, France",18.0708,-63.0501,330,6,206,853.6175276132336,118,1.8181818181818181
575,"Stara Zagora, Bulgaria",42.7339,25.4858,18819,755,13558,270.8375758892817,4506,4.0119028641266805
576,"Stavropol Krai, Russia",44.86325770000001,43.4406913,14487,287,10225,517.268343263086,3975,1.981086491337061
577,"Stockholm, Sweden",59.6025,18.1384,23739,2400,0,998.6618041202637,21339,10.109945659042083
578,"Styria, Austria",47.5162,14.5501,37474,765,28961,416.08189731746313,7748,2.0414153813310563
579,"Sucre, Colombia",8.814,-74.7233,13512,559,11964,1493.264726262429,989,4.137063351095323
580,"Sumy Oblast, Ukraine",50.9077,34.7981,2916,50,1302,269.64596483505915,1564,1.7146776406035666
581,"Sverdlovsk Oblast, Russia",58.6414755,61.8021546,27679,567,21087,639.9390001424193,6025,2.0484844105639657
582,"São Tomé Province, Sao Tome and Principe",0.1864,6.6131,908,15,876,414.30729007442017,17,1.6519823788546255
583,"Tabasco, Mexico",17.8409,-92.6189,30753,2745,27115,1195.5508852628031,893,8.925958443078724
584,"Tacna, Peru",-17.644160999999997,-70.27756,11012,194,0,2968.194070080863,10818,1.7617144932800581
585,"Tacuarembó, Uruguay",-32.5228,-55.7658,1904,46,1612,54.81144603476324,246,2.415966386554622
586,"Tadjourah, Djibouti",11.8251,42.5903,5403,61,5333,546.8612411715766,9,1.1290024060707016
587,"Tamaulipas, Mexico",24.2669,-98.8363,27645,2059,24678,757.2723622021792,908,7.448001446916259
588,"Tambov Oblast, Russia",52.9019574,41.3578918,7288,46,6392,705.1411056241002,850,0.6311745334796927
589,"Tamil Nadu, India",11.006091,78.400624,530908,8685,475717,682.0392581739452,46506,1.6358766490616077
590,"Tarapaca, Chile",-19.9232,-69.5132,11401,218,10898,3449.016511474537,285,1.912112972546268
591,"Tasmania, Australia",-42.8821,147.3272,230,13,217,42.95051353874883,0,5.6521739130434785
592,"Tatarstan Republic, Russia",55.7648572,52.43104273,6974,45,5898,179.08298418913463,1031,0.6452537998279323
593,"Telangana, India",18.1124,79.0193,169169,1025,137508,429.7694580752169,30636,0.6059029727668781
594,"Tennessee, US",35.88510221221052,-86.10872298863156,175825,2187,0,2709.5738382875134,173638,1.2438504194511588
595,"Ternopil Oblast, Ukraine",49.5535,25.5948,11016,133,4862,1053.2767174787905,6021,1.2073347857661585
596,"Texas, US",31.660643442283458,-98.65306860334638,707940,15051,0,1996.52064410729,692889,2.1260276294601237
597,"Thaba-Tseka District, Lesotho",-29.61,28.2336,1390,33,754,64.88499018789572,603,2.3741007194244603
598,"Thessaly and Central Greece, Greece",39.0742,21.8243,14978,331,1347,143.70065746552643,13300,2.209907864868474
599,"Thuringen, Germany",51.011,10.8453,3919,189,3532,182.86210219093903,198,4.82265884154121
600,"Tianjin, China",39.3054,117.323,237,3,226,1.5192307692307692,8,1.2658227848101267
601,"Tibet, China",31.6927,88.0924,1,0,1,0.02906976744186046,0,0.0
602,"Timbuktu, Mali",17.570692,-3.996166000000001,3006,128,2349,14.843833098429425,529,4.258150365934797
603,"Tlaxcala, Mexico",19.3139,-98.2404,7165,1002,5994,519.1987600098839,169,13.984647592463364
604,"Tocantins, Brazil",-10.1753,-48.2982,63167,866,45266,4016.0445962974595,17035,1.3709690186331471
605,"Tochigi, Japan",36.689912,139.819213,385,1,313,19.90703157720567,71,0.2597402597402597
606,"Tokushima, Japan",33.919178,134.242091,147,9,107,20.192945656250128,31,6.122448979591836
607,"Tokyo, Japan",35.711343,139.446921,24056,390,21208,172.8078612347702,2458,1.6212171599600933
608,"Tolima, Colombia",4.0925,-75.1545,10862,277,8129,816.5769173807892,2456,2.550174921745535
609,"Tomsk Oblast, Russia",58.6124279,82.04753149999998,6713,78,5462,622.5655673850947,1173,1.161924623864144
610,"Tonkolili District, Sierra Leone",8.460555000000001,-11.779889,2159,72,1650,27.065363668102673,437,3.33487725798981
611,"Toscana, Italy",43.76923077,11.25588885,13665,1152,9686,366.38915112741415,2827,8.430296377607025
612,"Tottori, Japan",35.359069,133.863619,36,0,23,6.479971488125452,13,0.0
613,"Toyama, Japan",36.637464,137.26934599999998,410,25,374,39.29077280158543,11,6.097560975609756
614,"Tripura, India",23.746783,91.743565,21484,235,14142,515.2292895044695,7107,1.093837274250605
615,"Trongsa District, Bhutan",27.5142,90.4336,259,0,190,33.566092803118664,69,0.0
616,"Tula Oblast, Russia",53.9570701,37.3690909,9808,356,8801,657.4365471175147,651,3.6296900489396413
617,"Tumbes, Peru",-3.857496,-80.54525500000003,6735,293,0,2677.9324055666,6442,4.3504083147735715
618,"Turks and Caicos Islands, United Kingdom",21.69400000000001,-71.7979,668,5,572,1725.2957280851285,91,0.7485029940119761
619,"Tver Oblast, Russia",57.1134475,35.174442799999994,5862,227,4416,456.58721695993296,1219,3.8723984988058686
620,"Tyumen Oblast, Russia",58.8206488,70.36588370000001,8754,36,7402,237.081572960676,1316,0.411240575736806
621,"Tyva Republic, Russia",51.4017149,93.8582593,7321,71,6609,2275.5671045188087,641,0.9698128670946592
622,"Ucayali, Peru",-9.621718,-73.444929,15295,309,0,2596.3333899168224,14986,2.020268061457993
623,"Udmurt Republic, Russia",57.1961165,52.69598320000001,4245,62,3261,280.5602480826731,922,1.4605418138987045
624,"Ulyanovsk Oblast, Russia",54.1463177,47.2324921,14154,140,12136,1135.3919163689275,1878,0.9891196834817012
625,"Umbria, Italy",43.10675841,12.38824698,2192,83,1638,248.52185053542166,471,3.786496350364964
626,"Unknown, Andorra",42.5063,1.5218,1564,53,1164,2024.202420242024,347,3.3887468030690537
627,"Unknown, Antigua and Barbuda",17.0608,-61.7964,96,3,92,98.03120660076792,1,3.125
628,"Unknown, Bahamas",25.025885,-78.035889,3214,73,1679,817.2959557327691,1462,2.271313005600498
629,"Unknown, Barbados",13.1939,-59.5432,185,7,172,64.37671163756956,6,3.783783783783784
630,"Unknown, Brunei",4.5353,114.7277,145,3,142,33.144145029635446,0,2.0689655172413794
631,"Unknown, Burkina Faso",12.2383,-1.5616,1816,56,1176,8.687632628719763,584,3.0837004405286343
632,"Unknown, Cabo Verde",16.5388,-23.0418,5186,50,4581,932.7539443297336,555,0.9641342074816814
633,"Unknown, Croatia",45.1,15.2,14725,244,12353,358.6854743709788,2128,1.6570458404074704
634,"Unknown, Denmark",56.2639,9.5018,22436,635,17316,387.3483025370485,4485,2.8302727758958817
635,"Unknown, Estonia",58.5953,25.0136,2875,64,2374,216.72939883410893,437,2.226086956521739
636,"Unknown, Finland",61.92411,25.748151,8922,339,7700,161.0260619652543,883,3.799596503026227
637,"Unknown, Grenada",12.1165,-61.679,24,0,24,21.329730978768033,0,0.0
638,"Unknown, Holy See",41.9029,12.4534,12,0,12,1483.3127317676144,0,0.0
639,"Unknown, Hungary",47.1625,19.5033,16920,675,4382,175.14893352725315,11863,3.9893617021276597
640,"Unknown, Iceland",64.9631,-19.0208,2307,10,2116,676.0439560439562,181,0.43346337234503685
641,"Unknown, Iran",32.427908,53.68804599999999,419043,24118,357632,498.90256864763404,37293,5.755495259436382
642,"Unknown, Ireland",53.1424,-7.6921,32538,1792,23364,658.957964241536,7382,5.507406724445264
643,"Unknown, Jamaica",18.1096,-77.2975,4758,60,1327,160.68021968410363,3371,1.2610340479192939
644,"Unknown, Korea, South",35.90775700000001,127.766922,22975,383,20158,44.8124948665556,2434,1.6670293797606095
645,"Unknown, Kosovo",42.602636,20.902977,12683,488,8788,700.5765684949894,3407,3.847670109595522
646,"Unknown, Liechtenstein",47.14,9.55,113,1,109,296.3001809266592,3,0.8849557522123894
647,"Unknown, Luxembourg",49.8153,6.1296,7718,124,6703,1232.9546180684245,891,1.6066338429644986
648,"Unknown, Maldives",3.2028,73.2207,9649,33,8188,1785.0601803375132,1428,0.34200435278267177
649,"Unknown, Moldova",47.4116,28.3699,46336,1201,34236,1148.647124428261,10899,2.5919371546961325
650,"Unknown, Monaco",43.7333,7.4167,192,1,152,489.24676383650996,39,0.5208333333333333
651,"Unknown, Montenegro",42.708678000000006,19.37439,7898,134,5129,1257.5191621209372,2635,1.6966320587490504
652,"Unknown, Morocco",31.7917,-7.0926,99816,1795,79008,270.4266892957836,19013,1.7983088883545724
653,"Unknown, Nepal",28.1667,84.25,62797,401,45267,215.5246381140996,17129,0.6385655365702183
654,"Unknown, Niger",17.607789,8.081666,1183,69,1104,4.887089639386488,10,5.832628909551986
655,"Unknown, Norway",60.472,8.4689,12858,267,10371,237.178122651599,2220,2.0765282314512366
656,"Unknown, Romania",45.9432,24.9668,111550,4402,89119,579.851564237313,18029,3.9462124607799196
657,"Unknown, Saint Vincent and the Grenadines",12.9843,-61.2872,64,0,64,57.68520104193895,0,0.0
658,"Unknown, San Marino",43.9424,12.4578,723,42,669,2130.355353880606,12,5.809128630705394
659,"Unknown, Senegal",14.4974,-14.4524,14688,302,11153,87.72134140551232,3233,2.0561002178649237
660,"Unknown, Seychelles",-4.6796,55.492,141,0,136,143.38010982306284,5,0.0
661,"Unknown, Singapore",1.2833,103.8333,57558,27,57142,983.8397509342616,389,0.04690920462837486
662,"Unknown, Slovenia",46.1512,14.9955,4309,141,2981,207.2698866533393,1187,3.2722209329310745
663,"Unknown, Taiwan*",23.7,121.0,506,7,479,2.12455296739378,20,1.383399209486166
664,"Unknown, Trinidad and Tobago",10.6918,-61.2225,3853,61,1695,275.31438215751297,2097,1.5831819361536463
665,"Unknown, Turkey",38.9637,35.2433,301348,7445,266117,357.30535174167863,27786,2.470565591940215
666,"Unknown, Western Sahara",24.2155,-12.8858,10,1,8,1.674116485025028,1,10.0
667,"Uppsala, Sweden",60.0092,17.2715,3919,243,0,1021.3362591311735,3676,6.20056136769584
668,"Utah, US",40.014400114615384,-111.46087804615384,62852,440,0,1710.0988273242028,62412,0.7000572774136066
669,"Utrecht, Netherlands",52.084251,5.163824,7260,437,0,535.8590056051147,6823,6.019283746556474
670,"Uttar Pradesh, India",26.925425,80.560982,342788,4869,270094,144.09957679776872,67825,1.4204114496423446
671,"Uttarakhand, India",30.156447,79.197608,38007,464,26250,337.81423603426515,11293,1.2208277422580052
672,"Valle d'Aosta, Italy",45.73750286,7.320149366,1276,146,1082,1015.3900020689764,48,11.442006269592477
673,"Valle del Cauca, Colombia",3.8009,-76.6413,56837,2092,47119,1269.8491427172185,7626,3.6807009518447487
674,"Vallée du Bandama, Cote d'Ivoire",7.54,-5.5471,19269,120,18392,73.04874939699431,757,0.6227619492449011
675,"Valparaiso, Chile",-33.0472,-71.6127,26095,823,24120,1437.026888014882,1152,3.153860892891359
676,"Vardar Region, North Macedonia",41.6086,21.7453,16557,689,13792,794.7181983123578,2076,4.161381892854986
677,"Varmland, Sweden",59.7294,13.2354,1241,73,0,439.42580750246094,1168,5.88235294117647
678,"Vasterbotten, Sweden",65.3337,16.5162,905,31,0,333.04383666499837,874,3.4254143646408837
679,"Vasternorrland, Sweden",63.4276,17.7292,1881,136,0,766.6692480446063,1745,7.230196703880915
680,"Vastmanland, Sweden",59.6714,16.2159,2854,183,0,1034.6390182892567,2671,6.412053258584442
681,"Vastra Gotaland, Sweden",58.2528,13.0596,19514,860,0,1130.6689163389594,18654,4.407092343958184
682,"Vaupes, Colombia",0.8554,-70.812,679,5,457,1664.3380640733387,217,0.7363770250368188
683,"Veneto, Italy",45.43490485,12.33845213,25609,2158,20406,522.0090120904537,3045,8.426724979499395
684,"Veracruz, Mexico",19.1738,-96.1342,31680,4046,26543,370.9661818891218,1091,12.771464646464647
685,"Vermont, US",44.159495798571434,-72.68438070571429,1702,58,0,203.1334458755762,1644,3.4077555816686247
686,"Vichada, Colombia",4.4234,-69.2878,397,4,221,368.24725437815374,172,1.0075566750629723
687,"Victoria, Australia",-37.8136,144.9631,20042,761,18379,302.2971688864085,902,3.79702624488574
688,"Vinnytsia Oblast, Ukraine",49.2331,28.4682,5200,98,3461,333.24916655665174,1641,1.8846153846153846
689,"Virgin Islands, US",18.3358,-64.8963,1257,19,0,1171.831301040385,1238,1.511535401750199
690,"Virginia, US",37.56615032526316,-78.51371173503755,139546,2988,0,1552.5389847999609,136558,2.1412294153899074
691,"Vladimir Oblast, Russia",56.0503336,40.6561633,6906,201,5774,501.03857039316216,931,2.9105125977410946
692,"Volgograd Oblast, Russia",49.6048339,44.29035820000001,13965,130,12334,553.8862068254329,1501,0.9308986752595776
693,"Vologda Oblast, Russia",60.0391461,43.1215213,4124,45,3523,350.47493432844186,556,1.0911736178467508
694,"Volyn Oblast, Ukraine",50.7472,25.3254,6783,143,4774,655.1534293413695,1866,2.1082117057349254
695,"Voronezh Oblast, Russia",50.9800393,40.15065070000001,16256,153,15125,696.5559558619368,978,0.9411909448818898
696,"Wakayama, Japan",33.911879,135.505446,236,5,227,25.515361653222453,4,2.11864406779661
697,"Wales, United Kingdom",52.1307,-3.7837,20445,1603,0,651.4050850697762,18842,7.840547811200782
698,"Washington, US",47.23378642,-120.71922041538463,81907,2032,0,1135.25615389778,79875,2.4808624415495624
699,"Wellington, New Zealand",-40.9006,174.886,1815,25,1719,37.638164725760866,71,1.3774104683195594
700,"West Bengal, India",23.814082,87.979803,218772,4242,190021,219.63008816556012,24509,1.939004991497998
701,"West Virginia, US",38.81425370672727,-80.6174545132727,13889,311,0,599.2404678796695,13578,2.2391820865433076
702,"Western Australia, Australia",-31.9505,115.8605,662,9,650,25.165361514483386,3,1.3595166163141994
703,"Western, Fiji",-17.7134,178.065,32,2,26,3.5696596775704896,4,6.25
704,"Wisconsin, US",44.395143494861124,-89.79797998097222,97279,1238,0,1172.4140453754853,96041,1.272628213694631
705,"Wyoming, US",43.086885505217396,-107.15324220434782,4780,49,0,801.660984838427,4731,1.0251046025104602
706,"Xinjiang, China",41.1129,85.2401,902,3,899,3.626859670285485,0,0.3325942350332594
707,"Yamagata, Japan",38.448396,140.102154,78,1,76,7.237864050642778,1,1.282051282051282
708,"Yamaguchi, Japan",34.201190000000004,131.573293,195,1,171,14.355800037693177,23,0.5128205128205128
709,"Yamalo-Nenets Autonomous Okrug, Russia",67.1471631,74.3415488,14398,98,13259,2673.48996466418,1041,0.6806500902903181
710,"Yamanashi, Japan",35.612364,138.61148899999998,181,6,168,22.3193366841111,7,3.314917127071823
711,"Yaroslavl Oblast, Russia",57.77819760000001,39.0021095,8041,45,7659,635.3086552409608,337,0.559631886581271
712,"Yucatan, Mexico",20.7099,-89.0943,17222,1506,14630,762.3396594570047,1086,8.74462896295436
713,"Yukon, Canada",64.2823,-135.0,15,0,15,36.515896586980865,0,0.0
714,"Yunnan, China",24.974,101.487,206,2,196,0.42650103519668736,8,0.9708737864077669
715,"Zabaykalsky Krai, Russia",52.248521,115.956325,5481,65,4602,510.9031828681048,814,1.1859149790184274
716,"Zacatecas, Mexico",22.7709,-102.5832,6748,630,5518,404.9384731155178,600,9.336099585062241
717,"Zakarpattia Oblast, Ukraine",48.6208,22.2879,9110,290,4054,724.8556256275847,4766,3.1833150384193196
718,"Zaporizhia Oblast, Ukraine",47.8388,35.1396,2829,42,1075,165.84243737381553,1712,1.4846235418875928
719,"Zeeland, Netherlands",51.47936,3.861559,1210,72,0,315.5248664886515,1138,5.950413223140496
720,"Zemgale, Latvia",56.8796,24.6032,1515,36,1248,80.32013538316681,231,2.376237623762376
721,"Zhejiang, China",29.1832,120.0934,1282,1,1272,2.2346173958514903,9,0.078003120124805
722,"Zhytomyr Oblast, Ukraine",50.2547,28.6587,4931,90,2379,404.1163979796639,2462,1.8251875887243967
723,"Zuid-Holland, Netherlands",51.937835,4.462114,26644,1364,0,718.4196278152752,25280,5.119351448731422
724,"Övörkhangai, Mongolia",46.8625,103.8467,312,0,302,9.517151004242454,10,0.0
725,"Łódź Voivodeship, Poland",51.9194,19.1451,78330,2282,63861,206.9670449965063,12187,2.9133154602323503
